{
    "openapi": "3.0.0",
    "info": {
        "title": "Imagens fodas de 2010",
        "version": "1.0.0",
        "description": "API para cadastro e visualização de imagens consideradas 'muito fodas' no ano de 2010"
    },
    "paths": {
        "/imagens": {
            "get": {
                "summary": "Obter a lista de imagens",
                "responses": {
                    "200": {
                        "description": "Lista de imagens retornada com sucesso"
                    }
                }
            },
            "post": {
                "summary": "Criar uma nova imagem (com descrição)",
                "requestBody": {
                    "required": true,
                    "content": {
                        "application/json": {
                            "schema": {
                                "$ref": "#/components/schemas/Imagens"
                            }
                        }
                    }
                },
                "responses": {
                    "201": {
                        "description": "Dados completos, cadastro feito com sucesso!"
                    },
                    "400": {
                        "description": "Dados incompletos, tente novamente"
                    }
                }
            }
        },
        "/imagens/{id}": {
            "get": {
                "summary": "Obter informações de uma imagem pelo ID",
                "parameters": [
                    {
                        "name": "id",
                        "in": "path",
                        "required": true,
                        "schema": {
                            "type": "integer"
                        }
                    }
                ],
                "responses": {
                    "200": {
                        "description": "Informações do usuário retornadas com sucesso"
                    },
                    "404": {
                        "description": "Imagem não encontrada"
                    }
                }
            },
            "put": {
                "summary": "Atualizar informações de uma imagem pelo ID",
                "parameters": [
                    {
                        "name": "id",
                        "in": "path",
                        "required": true,
                        "schema": {
                            "type": "integer"
                        }
                    }
                ],
                "requestBody": {
                    "required": true,
                    "content": {
                        "application/json": {
                            "schema": {
                                "$ref": "#/components/schemas/Imagens"
                            }
                        }
                    }
                },
                "responses": {
                    "201": {
                        "description": "Dados completos, atualização feita com sucesso!"
                    },
                    "404": {
                        "description": "Imagem não encontrada"
                    }
                }
            },
            "delete": {
                "summary": "Excluir uma imagem pelo ID",
                "parameters": [
                    {
                        "name": "id",
                        "in": "path",
                        "required": true,
                        "schema": {
                            "type": "integer"
                        }
                    }
                ],
                "responses": {
                    "200": {
                        "description": "Imagem excluida com sucesso!"
                    },
                    "404": {
                        "description": "Imagem não encontrada"
                    }
                }
            }
        }
    },
    "components": {
        "schemas": {
            "Imagem": {
                "type": "object",
                "properties": {
                    "id": {
                        "type": "integer"
                    },
                    "url": {
                        "type": "string"
                    },
                    "titulo": {
                        "type": "string"
                    },
                    "autor": {
                        "type": "string"
                    },
                    "descricao": {
                        "type": "string"
                    }
                }
            }
        }
    }
}